id,card_id,user_id,card_number,exp_month,exp_year,customer_id,email,address_city,address_country,address_state,address_zip,name_on_card,email_domain,card_user_count,customer_id_count,is_fraud
2848,3d1f0167-fb7a-47b9-8091-7d9e4bbb7c22,5153,8607512378587984,2,2027,2cfc8c5b-4446-4c99-87e7-8c1fed8d3316,robert2253@example.com,Chicago,0,1,63709,Robert Smith,0,1,1,1
2855,bef52a3b-08e7-44c7-bada-aab24e445cb1,3331,3527265964357654,3,2029,60707fa2-c6d3-4f8a-8f88-e270fe7b9992,michael2298@example.com,Houston,0,2,13927,Michael Davis,0,1,1,1
2858,a538fb66-0ad0-4d69-b155-ffcbabfb689a,4602,3091598384112977,1,2030,21833842-40ea-464b-a8e5-6533ef0fedef,james9116@example.com,Phoenix,0,3,11630,James Johnson,0,1,1,1
2866,c3d5821d-dbb0-4255-bc2b-8caea6e720a4,8267,4813812608602899,1,2025,97956035-5a5f-478e-ad05-3036f6e714a1,robert1166@example.com,New York,0,0,16958,Robert Davis,0,2,2,1
2866,c3d5821d-dbb0-4255-bc2b-8caea6e720a4,9498,4813812608602899,1,2025,97956035-5a5f-478e-ad05-3036f6e714a1,robert1166@example.com,New York,0,0,16958,Robert Davis,0,2,2,1
2871,06f94e33-ca6f-4672-acd4-bf22f04f247b,7174,1299721632650269,8,2023,859bf9eb-6170-48f8-9391-a7a756f071d0,james7958@example.com,Los Angeles,0,4,63291,James Brown,0,1,1,1
2879,44e369c2-c86e-4a5f-a28f-1d3ff1ac1350,5553,7237793446637287,8,2025,8c827854-d431-4cb0-94cb-587be0e81e2a,michael9029@example.com,Houston,0,2,91229,Michael Miller,0,1,1,1
2881,ad9a5442-8209-4182-870e-bf9d49d4e94e,6033,9864475339487147,4,2024,9e2b8319-83ea-404c-b369-8a1f8d965d16,mary8742@example.com,Houston,0,4,38343,Mary Rodriguez,0,1,1,1
2882,6b926a25-afdd-436d-9cde-c1cb3f489c29,6214,4764140898040585,6,2027,19c59b3f-6254-410d-8402-d312807c10f9,james1539@example.com,Phoenix,0,0,71413,James Davis,0,2,2,1
2882,6b926a25-afdd-436d-9cde-c1cb3f489c29,5391,4764140898040585,6,2027,19c59b3f-6254-410d-8402-d312807c10f9,james1539@example.com,Phoenix,0,0,71413,James Davis,0,2,2,1
2897,fc407652-4d72-499f-8000-1df000e922ab,6766,6670993780143589,2,2023,d44d2190-64c1-4bcd-82de-c8b54c752af2,michael6078@example.com,Houston,0,0,76319,Michael Williams,0,2,2,1
2897,fc407652-4d72-499f-8000-1df000e922ab,9794,6670993780143589,2,2023,d44d2190-64c1-4bcd-82de-c8b54c752af2,michael6078@example.com,Houston,0,0,76319,Michael Williams,0,2,2,1
2899,9daa3ebd-3a11-4d89-a169-9488ef35c320,7507,919739885339635,10,2030,4b1885ec-a16e-42ea-bc3a-42790d9fa5ce,michael7469@example.com,Los Angeles,0,1,63783,Michael Martinez,0,1,1,1
2918,67193370-e29f-4bba-ae4c-3aa2ca9c7537,9844,6420243823889264,8,2029,51cf3bd1-0bdd-4459-b95f-346ab446802b,james9882@example.com,Phoenix,0,4,58859,James Garcia,0,2,2,1
2918,67193370-e29f-4bba-ae4c-3aa2ca9c7537,8210,6420243823889264,8,2029,51cf3bd1-0bdd-4459-b95f-346ab446802b,james9882@example.com,Phoenix,0,4,58859,James Garcia,0,2,2,1
2927,cecb51c3-7657-4658-934a-8c93a13b5ce2,3698,6605270698785954,3,2029,927fd663-9ec6-44e6-a489-e790e2d99487,robert5742@example.com,Chicago,0,3,94670,Robert Rodriguez,0,2,2,1
2927,cecb51c3-7657-4658-934a-8c93a13b5ce2,7128,6605270698785954,3,2029,927fd663-9ec6-44e6-a489-e790e2d99487,robert5742@example.com,Chicago,0,3,94670,Robert Rodriguez,0,2,2,1
2933,9e912edb-e49f-4f94-a457-33e409c6c453,3574,4747096811109720,3,2024,989fb391-a515-4056-ac82-1af654380ba4,john5681@example.com,New York,0,3,54457,John Miller,0,2,2,1
2933,9e912edb-e49f-4f94-a457-33e409c6c453,4399,4747096811109720,3,2024,989fb391-a515-4056-ac82-1af654380ba4,john5681@example.com,New York,0,3,54457,John Miller,0,2,2,1
2941,c15f7208-58a5-421b-ae19-2f1f9f39452f,8431,6923917172134804,1,2024,883fec18-b587-4624-9701-da678beeb02a,patricia6858@example.com,Los Angeles,0,1,76297,Patricia Rodriguez,0,1,1,1
2954,200c12cf-1791-4a20-baaf-4842a30a113a,8497,4762706166373704,3,2029,928e0d81-55fa-41e8-a86e-96f9afd04071,james2628@example.com,Los Angeles,0,2,99979,James Williams,0,1,1,1
2961,6f7b98eb-ca4b-4909-a115-4adca27b3f2b,4733,7178550779204045,10,2028,f6d45b8a-6eda-4583-b8af-061235fbca6c,elizabeth2889@example.com,New York,0,2,54377,Elizabeth Rodriguez,0,1,1,1
2962,744bddc5-540e-435b-934c-916ee8c22ab6,5929,3273941619923531,2,2024,c7d506ee-83d3-41de-94f9-3238a205170e,mary6691@example.com,Houston,0,4,29816,Mary Williams,0,1,1,1
2966,57521b43-f5cf-4d87-ac7b-6057a482fadc,8864,8706260280612515,12,2029,499cb083-45bf-4cb6-9d4b-9d6511c02862,james7171@example.com,Los Angeles,0,2,89954,James Williams,0,1,1,1
2968,1a40fa2f-b0dc-4a78-aba0-0d8653d2519a,2344,5098863100758072,2,2023,c368d5ae-f371-44f7-8e82-825855f1da02,linda5690@example.com,Houston,0,3,34442,Linda Brown,0,1,1,1
2990,87c35bc0-2a6f-4858-a64c-bae01227ed9b,9891,1901586869851875,4,2023,f6770ef2-819d-44aa-b03e-1ac21ec5c1a4,michael7111@example.com,Chicago,0,4,72830,Michael Garcia,0,2,2,1
2990,87c35bc0-2a6f-4858-a64c-bae01227ed9b,6131,1901586869851875,4,2023,f6770ef2-819d-44aa-b03e-1ac21ec5c1a4,michael7111@example.com,Chicago,0,4,72830,Michael Garcia,0,2,2,1
2992,7dc9a026-cd22-464d-8322-8e1537146783,4681,6704013949106375,4,2025,59d8be9f-c558-47e3-a15c-7931cac7bdd9,william6303@example.com,Los Angeles,0,1,83526,William Garcia,0,2,2,1
2992,7dc9a026-cd22-464d-8322-8e1537146783,7037,6704013949106375,4,2025,59d8be9f-c558-47e3-a15c-7931cac7bdd9,william6303@example.com,Los Angeles,0,1,83526,William Garcia,0,2,2,1
2993,32de724d-81d3-476c-b30e-531e6ccd0c96,9506,5201302313503882,3,2025,14f9bf82-1ac9-4cf5-a842-a03d4ed639f7,james2380@example.com,New York,0,3,46404,James Rodriguez,0,2,2,1
2993,32de724d-81d3-476c-b30e-531e6ccd0c96,6902,5201302313503882,3,2025,14f9bf82-1ac9-4cf5-a842-a03d4ed639f7,james2380@example.com,New York,0,3,46404,James Rodriguez,0,2,2,1
3017,e6283601-effa-4578-8212-f1f72deea1fc,8062,777995679285797,12,2026,8f1af20a-79a3-4483-a3e1-1ffa27e0fdbb,william3176@example.com,New York,0,2,59197,William Johnson,0,1,1,1
3020,f1f9267f-490b-4114-983d-f8adeff7f103,6455,6375763820240845,12,2026,862fcac0-dd08-4d8d-ba0b-a941a2b74f40,linda3130@example.com,Houston,0,1,45396,Linda Smith,0,1,1,1
3026,dcdc1ff8-f747-425c-bd21-b18c2b874b07,8277,1101593259830435,2,2030,e2bc5efd-a825-46b9-9fb4-bd8b8b594458,mary8860@example.com,Houston,0,0,69712,Mary Garcia,0,2,2,1
3026,dcdc1ff8-f747-425c-bd21-b18c2b874b07,2632,1101593259830435,2,2030,e2bc5efd-a825-46b9-9fb4-bd8b8b594458,mary8860@example.com,Houston,0,0,69712,Mary Garcia,0,2,2,1
3029,122fc980-9f76-423d-8827-1d794867bd7a,1970,9279920990517488,5,2023,65b7a8a9-279b-40b9-95bd-2d13302f19e1,michael5582@example.com,Houston,0,0,77638,Michael Smith,0,2,2,1
3029,122fc980-9f76-423d-8827-1d794867bd7a,6024,9279920990517488,5,2023,65b7a8a9-279b-40b9-95bd-2d13302f19e1,michael5582@example.com,Houston,0,0,77638,Michael Smith,0,2,2,1
3032,07dfbd15-cfb2-438e-9964-a5d6ecbfe2c4,2037,3038056609489068,11,2027,f3870cc4-b987-418e-8b83-dd095aa992ce,linda5086@example.com,Phoenix,0,3,36254,Linda Jones,0,1,1,1
3034,2594000b-0acb-4963-bf94-b23271e949ac,2919,2238653744891699,2,2025,78b4eedb-80c4-44fb-aea0-8d34bc226728,robert8314@example.com,Los Angeles,0,0,76871,John Johnson,0,1,1,1
3037,daa082a4-6294-4eb7-a056-0839ccc02dc9,1753,8288470461400959,9,2026,045f437c-9be6-4d2c-b8d3-e5ead780ee29,james9463@example.com,Houston,0,1,38551,James Brown,0,2,2,1
3037,daa082a4-6294-4eb7-a056-0839ccc02dc9,4259,8288470461400959,9,2026,045f437c-9be6-4d2c-b8d3-e5ead780ee29,james9463@example.com,Houston,0,1,38551,James Brown,0,2,2,1
3040,a27f8f20-0834-4685-9e0b-52c56035ed43,5613,9321929426024828,5,2028,59f33d16-a321-4f3f-a4a2-1c8c1827c384,james7769@example.com,Los Angeles,0,0,38896,James Davis,0,1,1,1
3046,538b935d-238d-43d5-8d47-0f4b3d7551d2,2646,4538911465378109,6,2028,a18fddcb-081f-484c-a80f-c0e3b8bdce18,james5944@example.com,Los Angeles,0,3,35952,James Jones,0,1,1,1
3047,fa3c0fc3-c859-406a-acaf-8cee7b49be25,9769,7151655702906000,10,2025,ae1af41a-c4ba-453b-887d-ab1c244eefc0,linda8456@example.com,Chicago,0,4,58076,Linda Garcia,0,2,2,1
3047,fa3c0fc3-c859-406a-acaf-8cee7b49be25,5847,7151655702906000,10,2025,ae1af41a-c4ba-453b-887d-ab1c244eefc0,linda8456@example.com,Chicago,0,4,58076,Linda Garcia,0,2,2,1
3054,41b09b91-be5d-406d-baed-b3a0747c4403,7001,2173878229872503,12,2029,97d88135-883e-4e18-9d62-9a8601eb7a41,jennifer3292@example.com,Chicago,0,2,42011,Jennifer Johnson,0,1,1,1
3057,f6e36af5-3b45-4de6-b0d6-6f010bdc2108,8186,9173960070314560,1,2030,eaedca3f-928d-45f2-8637-ccddd29f2c7f,michael3232@example.com,Phoenix,0,3,56062,Michael Rodriguez,0,1,1,1
3072,4f7ee68c-f578-4cfb-addb-1edf14188ca8,3669,9309965473524862,2,2027,1192a757-3644-4d1a-90d7-23a4399c212d,linda4065@example.com,Chicago,0,1,14721,Linda Miller,0,2,2,1
3072,4f7ee68c-f578-4cfb-addb-1edf14188ca8,9352,9309965473524862,2,2027,1192a757-3644-4d1a-90d7-23a4399c212d,linda4065@example.com,Chicago,0,1,14721,Linda Miller,0,2,2,1
3077,480c4b5a-9e80-4d9b-8010-59f18ae3ea17,9800,9170321326365848,10,2029,6327c310-7f27-407e-9d01-c17e2d031a24,mary1138@example.com,New York,0,2,36258,Mary Williams,0,2,2,1
3077,480c4b5a-9e80-4d9b-8010-59f18ae3ea17,5756,9170321326365848,10,2029,6327c310-7f27-407e-9d01-c17e2d031a24,mary1138@example.com,New York,0,2,36258,Mary Williams,0,2,2,1
3078,d2d589b2-cad1-40dc-8a89-63f022c2d951,8329,5190779842221092,12,2026,71b9cae8-fc92-4221-a9a5-ba32c9d9d814,john4088@example.com,Los Angeles,0,2,87212,John Williams,0,1,1,1
3083,1bac0a5c-3e6d-49e7-8449-44cd33e71791,3826,3915333216163280,12,2027,62f44262-1de3-477a-8360-b7f5129df979,michael6030@example.com,Los Angeles,0,3,53565,Michael Smith,0,1,1,1
3087,89511e08-b14b-4dbe-acd6-dc3022cc9e47,6882,8025715340624395,1,2028,51ee3561-75a3-4598-8930-9b0a1532dacb,patricia2593@example.com,New York,0,0,87874,Patricia Davis,0,2,2,1
3087,89511e08-b14b-4dbe-acd6-dc3022cc9e47,8337,8025715340624395,1,2028,51ee3561-75a3-4598-8930-9b0a1532dacb,patricia2593@example.com,New York,0,0,87874,Patricia Davis,0,2,2,1
3089,fdc4648a-b180-4876-b153-c322859561cf,7473,2391881915925340,4,2024,fea5dbbc-7b5b-47a5-847d-46b4f2e1bda4,mary8106@example.com,Chicago,0,0,33456,Mary Brown,0,2,2,1
3089,fdc4648a-b180-4876-b153-c322859561cf,4049,2391881915925340,4,2024,fea5dbbc-7b5b-47a5-847d-46b4f2e1bda4,mary8106@example.com,Chicago,0,0,33456,Mary Brown,0,2,2,1
3097,c5e24025-f586-4932-b78c-e72be68922c3,1467,9408644247232081,11,2026,bf869ca8-ea4d-491f-9240-4c70dc009092,john6838@example.com,Phoenix,0,4,82364,John Brown,0,2,2,1
3097,c5e24025-f586-4932-b78c-e72be68922c3,3802,9408644247232081,11,2026,bf869ca8-ea4d-491f-9240-4c70dc009092,john6838@example.com,Phoenix,0,4,82364,John Brown,0,2,2,1
3104,14b5dc57-6813-49a7-bf36-bf6831c3ef99,2568,2299935099221213,1,2024,a57c2bb3-6120-426c-bc31-c1cec064ed4e,john5591@example.com,Houston,0,3,83165,Robert Brown,0,1,1,1
3108,b340ee82-7deb-4bfc-a972-5f67297ea9a7,4613,6417199634318624,8,2024,1322913c-66c6-4a1d-875d-32d4369cae47,patricia9933@example.com,New York,0,0,64017,Patricia Miller,0,2,2,1
3108,b340ee82-7deb-4bfc-a972-5f67297ea9a7,3182,6417199634318624,8,2024,1322913c-66c6-4a1d-875d-32d4369cae47,patricia9933@example.com,New York,0,0,64017,Patricia Miller,0,2,2,1
3119,b2ca1be4-c07a-4a08-9b42-33f1651db9c1,7927,6442638215113033,1,2028,b3cd38c9-5b19-413e-8416-567ed71efec5,james6161@example.com,Los Angeles,0,3,85480,James Williams,0,2,2,1
3119,b2ca1be4-c07a-4a08-9b42-33f1651db9c1,1981,6442638215113033,1,2028,b3cd38c9-5b19-413e-8416-567ed71efec5,james6161@example.com,Los Angeles,0,3,85480,James Williams,0,2,2,1
3127,067e4a60-0a7d-4258-8427-bc403304b0f1,6225,5825574683334516,8,2029,0a375576-f229-4b86-afd8-6392a7a9f17c,jennifer7907@example.com,Houston,0,4,36079,Jennifer Martinez,0,1,1,1
3137,fd9b9db1-89b3-49ca-a445-fd35f1c09bb5,7256,3966202777661447,12,2028,ce0dbee4-0617-4505-915e-8f07dc3d6ed2,john4805@example.com,New York,0,2,29577,John Johnson,0,1,1,1
3144,b3385593-3225-4997-b4bc-59a06dbf9499,9886,30462581053953,1,2029,232de6ca-3b7c-4a5e-8c0f-ffcada39519d,william6788@example.com,Phoenix,0,2,29233,William Williams,0,1,1,1
3146,51bd2bf9-8c74-4e90-af3c-11870694c2f6,2762,8641354119478773,12,2028,2a912547-51ee-4438-9106-075cbb8af05a,james8693@example.com,Los Angeles,0,3,39585,James Johnson,0,2,2,1
3146,51bd2bf9-8c74-4e90-af3c-11870694c2f6,1814,8641354119478773,12,2028,2a912547-51ee-4438-9106-075cbb8af05a,james8693@example.com,Los Angeles,0,3,39585,James Johnson,0,2,2,1
3170,8f4d9f4d-d10a-43dc-b918-18cee6235562,4551,2564968974884346,7,2030,bedf4140-88f1-4e77-9799-0ebf02334d6e,john3927@example.com,Los Angeles,0,3,33365,John Johnson,0,2,2,1
3170,8f4d9f4d-d10a-43dc-b918-18cee6235562,8783,2564968974884346,7,2030,bedf4140-88f1-4e77-9799-0ebf02334d6e,john3927@example.com,Los Angeles,0,3,33365,John Johnson,0,2,2,1
3177,5440305c-e2a3-4350-8a91-095997076da0,2684,3886124578189696,3,2027,4b08b95b-ab96-4191-a0ef-e38fb55463c9,jennifer6166@example.com,Houston,0,1,64674,Jennifer Martinez,0,1,1,1
3194,5ea260a0-b29f-4f6c-8c14-a0cf6be51ae7,2874,6034396550959925,11,2028,fb029da1-a892-474d-bc1c-1d5c3b3eca73,linda7056@example.com,Los Angeles,0,0,54679,Linda Jones,0,2,2,1
3194,5ea260a0-b29f-4f6c-8c14-a0cf6be51ae7,4123,6034396550959925,11,2028,fb029da1-a892-474d-bc1c-1d5c3b3eca73,linda7056@example.com,Los Angeles,0,0,54679,Linda Jones,0,2,2,1
3200,365bd6c5-d3f3-46fd-b838-51fa3dbaeff4,2419,2438417268166688,9,2025,e7e95ee5-8cb1-4e2b-a6c3-d85f52dd29ee,robert6304@example.com,Chicago,0,2,54454,Robert Johnson,0,2,2,1
3200,365bd6c5-d3f3-46fd-b838-51fa3dbaeff4,6558,2438417268166688,9,2025,e7e95ee5-8cb1-4e2b-a6c3-d85f52dd29ee,robert6304@example.com,Chicago,0,2,54454,Robert Johnson,0,2,2,1
3209,e75f79c0-fbe2-40d4-813d-5a5bfc511d9b,5623,7307052903516555,1,2026,0c6474ad-5af2-4e30-8b6f-e5d0812965e3,patricia9360@example.com,Chicago,0,2,81358,Patricia Martinez,0,1,1,1
3210,a954abc5-edb6-4fca-b533-ada35d367d91,5535,1350271579813572,1,2029,dff7e770-7702-424b-8c91-3f16ad76e54f,mary1624@example.com,Los Angeles,0,3,53729,Mary Smith,0,1,1,1
3211,4f6d1a55-abd1-4c00-8aab-8df6086a442e,7901,3408215206170715,1,2030,558ff59b-764c-4ea6-97c7-cd834643d68b,michael4170@example.com,Houston,0,3,74014,Michael Rodriguez,0,1,1,1
3222,b7915662-332e-47a3-b74d-619ed4c71834,7897,8978837252877768,9,2025,5d0e6f38-23f6-4b28-8d3d-542393a8942b,patricia9449@example.com,Houston,0,3,51068,Patricia Williams,0,2,2,1
3222,b7915662-332e-47a3-b74d-619ed4c71834,5139,8978837252877768,9,2025,5d0e6f38-23f6-4b28-8d3d-542393a8942b,patricia9449@example.com,Houston,0,3,51068,Patricia Williams,0,2,2,1
3232,48a05129-347e-498b-8b4e-0544f203f420,6778,5865148353057418,12,2030,c4b363bc-5d26-4aca-b7c2-7c555c526797,jennifer7490@example.com,Houston,0,3,11237,Jennifer Davis,0,1,1,1
3233,89d12327-24ce-4217-af9b-bc6add0d021e,6492,4337613381603414,2,2027,748fcaae-dfec-4a57-a753-a3f368a654ce,linda9917@example.com,New York,0,1,76637,Linda Williams,0,1,1,1
3250,9d0816a7-2c8d-421d-8c0c-f06c069dc0f4,3643,8511275783525085,4,2026,93928a93-a143-4f20-bd02-f7110130ba85,jennifer5522@example.com,Houston,0,2,57991,Jennifer Brown,0,1,1,1
3253,b8279bc7-1e47-40f5-a5db-893bf430a3d3,9648,72625806806238,5,2026,60bb29f1-8612-4a83-a4e7-2a5e33813546,william9315@example.com,New York,0,1,62780,William Miller,0,2,2,1
3253,b8279bc7-1e47-40f5-a5db-893bf430a3d3,6715,72625806806238,5,2026,60bb29f1-8612-4a83-a4e7-2a5e33813546,william9315@example.com,New York,0,1,62780,William Miller,0,2,2,1
3260,69dc01dc-841a-47a9-98d8-f5557bc8c39d,6188,8362864148106174,5,2028,061e2e38-c138-4bb3-9616-f3a8e269d424,john8606@example.com,Phoenix,0,0,93496,John Johnson,0,1,1,1
3263,e04cb476-f6c3-4f1b-b229-fb4f578e9c1b,8839,6047447125254314,9,2025,e801c9d3-7321-4f2d-a47d-2874753a83ee,james8582@example.com,Phoenix,0,1,64483,James Miller,0,2,2,1
3263,e04cb476-f6c3-4f1b-b229-fb4f578e9c1b,1729,6047447125254314,9,2025,e801c9d3-7321-4f2d-a47d-2874753a83ee,james8582@example.com,Phoenix,0,1,64483,James Miller,0,2,2,1
3268,2757f982-dc0e-4388-91f9-3f2cd336a638,1395,1221741139999929,6,2029,f71a25cb-a11d-42d2-94a7-5475c765c644,james3614@example.com,New York,0,2,26566,James Miller,0,2,2,1
3268,2757f982-dc0e-4388-91f9-3f2cd336a638,3448,1221741139999929,6,2029,f71a25cb-a11d-42d2-94a7-5475c765c644,james3614@example.com,New York,0,2,26566,James Miller,0,2,2,1
3269,630b9b6c-7bd6-4e71-9e5b-3c789566ed45,1740,6545364784438142,5,2024,bf6cd753-04bd-4973-9908-532f669dacba,john6475@example.com,Houston,0,2,98459,John Williams,0,1,1,1
3272,281cea01-ca09-4203-8022-97935a7e56c9,4718,909222030922045,4,2026,49bb2fbe-78dd-4cd7-8346-4e038e9ee912,robert7739@example.com,Los Angeles,0,2,82729,Robert Smith,0,1,1,1
3273,893fb540-dd3b-4677-beaf-e062675d8592,8520,5313745498504876,9,2026,70d1823e-3590-4f93-be41-c5ebc5454001,patricia5805@example.com,Los Angeles,0,4,55773,Patricia Martinez,0,1,1,1
3276,56e8dc92-9a95-4a85-839a-0d8ff177fb91,5195,8093920807623908,5,2024,21d1a4ff-9e08-4a88-8b19-ae64550e726e,jennifer6031@example.com,Phoenix,0,2,35738,Jennifer Smith,0,1,1,1
3280,c087f1b8-0312-4b24-9db1-02b23dacc6f9,2256,6828363151521015,10,2028,ee0e2247-3d70-4a03-84a9-c7ae648da255,james3462@example.com,New York,0,2,20385,James Miller,0,1,1,1
3284,17cabd3b-a79f-41cf-bd57-4c13e3a1c783,2361,9752129788122438,10,2027,8e1c7857-ecac-470a-bef1-9321c134d945,patricia1224@example.com,Houston,0,3,29770,Patricia Brown,0,1,1,1
3293,4a2afcf1-2863-4c51-9dd3-7cbe235d40ad,2703,9637880657499921,6,2026,f4d29f45-b43b-4332-8c98-4a59a801750a,john6308@example.com,Phoenix,0,2,85315,John Williams,0,1,1,1
3297,c0e9ac9e-736c-419d-84b9-01296aba791a,6206,5149749952312200,4,2024,94799a1e-c940-490d-a2e4-545bf6bade29,mary4967@example.com,Houston,0,3,94013,Mary Martinez,0,1,1,1
3315,fdeacaf7-bed7-43ac-8d6f-19f6af7d7bd4,5140,5737206556609591,5,2025,c2080875-9c0c-4f0b-888b-c2a58df39250,michael8014@example.com,New York,0,3,43949,Michael Smith,0,2,2,1
3315,fdeacaf7-bed7-43ac-8d6f-19f6af7d7bd4,4406,5737206556609591,5,2025,c2080875-9c0c-4f0b-888b-c2a58df39250,michael8014@example.com,New York,0,3,43949,Michael Smith,0,2,2,1
3320,1e4c6455-58a1-4946-aae1-e525b5a03944,5333,8072344955292301,4,2028,015f8a14-c804-432d-a45d-30c79641f9e5,jennifer8312@example.com,Phoenix,0,3,94226,Jennifer Garcia,0,1,1,1
3330,92515b13-4864-4f58-82d7-43380e87d3a4,6929,95148341051725,7,2029,dc1caa8c-5413-41fe-8166-02e6e2a28b07,jennifer3319@example.com,Phoenix,0,2,45644,Jennifer Jones,0,2,2,1
3330,92515b13-4864-4f58-82d7-43380e87d3a4,2068,95148341051725,7,2029,dc1caa8c-5413-41fe-8166-02e6e2a28b07,jennifer3319@example.com,Phoenix,0,2,45644,Jennifer Jones,0,2,2,1
3337,e48c9d4c-6b7a-4639-842f-6075bfbdc46c,8492,4945150728849802,4,2023,e5fa4f2c-d0bc-4355-9234-2f3b82b133dd,john7994@example.com,Phoenix,0,1,27027,John Miller,0,2,2,1
3337,e48c9d4c-6b7a-4639-842f-6075bfbdc46c,7641,4945150728849802,4,2023,e5fa4f2c-d0bc-4355-9234-2f3b82b133dd,john7994@example.com,Phoenix,0,1,27027,John Miller,0,2,2,1
3338,a091cf76-d4c6-4022-9107-0378c68cf581,2832,3984171624403068,7,2024,3de68dca-fc26-45c6-acef-ec5b4d44c0af,michael4284@example.com,Los Angeles,0,0,79837,Michael Williams,0,2,2,1
3338,a091cf76-d4c6-4022-9107-0378c68cf581,8139,3984171624403068,7,2024,3de68dca-fc26-45c6-acef-ec5b4d44c0af,michael4284@example.com,Los Angeles,0,0,79837,Michael Williams,0,2,2,1
3339,26840e6f-3901-42fe-8a24-d2163777babe,5079,8702291169840290,12,2027,7fe0e4f4-e54a-4590-b116-735ae44d7b5b,john7570@example.com,Houston,0,2,56428,John Garcia,0,1,1,1
3345,5a743284-ed59-4f1f-8dc5-2f8968b20a91,6777,7690913392848792,6,2030,246221c3-4380-46e4-a438-9590f64b9bf5,michael7360@example.com,Chicago,0,2,45768,Michael Rodriguez,0,2,2,1
3345,5a743284-ed59-4f1f-8dc5-2f8968b20a91,5437,7690913392848792,6,2030,246221c3-4380-46e4-a438-9590f64b9bf5,michael7360@example.com,Chicago,0,2,45768,Michael Rodriguez,0,2,2,1
3353,3c8830d8-24cf-46be-826a-e49cc32de39a,3401,9401208809929458,4,2024,14b43bdb-7374-4753-b830-2ffe8b0d755f,elizabeth3364@example.com,Houston,0,4,38696,Elizabeth Brown,0,1,1,1
3356,5f4adc98-d0a0-4312-9d0d-cce970ea6f7b,4809,4462030900043490,12,2028,5ce3a567-639a-43a8-a270-f7d340539de8,elizabeth8408@example.com,Los Angeles,0,2,65128,Elizabeth Davis,0,1,1,1
3382,c6869871-db90-47ca-b9ff-164779e6fa5e,8718,667113326782181,8,2028,2424c365-d153-43d0-92cd-fe0aaaea2518,james2383@example.com,Houston,0,2,99876,James Miller,0,1,1,1
3387,3d04aa77-85bb-46ad-9f53-72c0fc85db46,8825,2038179263892894,3,2025,c87d0fec-261a-4b7f-8507-8c7ec4dbcd87,john4121@example.com,New York,0,1,52494,John Garcia,0,2,2,1
3387,3d04aa77-85bb-46ad-9f53-72c0fc85db46,7406,2038179263892894,3,2025,c87d0fec-261a-4b7f-8507-8c7ec4dbcd87,john4121@example.com,New York,0,1,52494,John Garcia,0,2,2,1
3392,13f6fc6f-9c50-4e94-a6aa-f6956d9880c7,8742,291870214984040,2,2027,9d89b145-c52e-40bc-8049-2f94f1a43e91,elizabeth7972@example.com,Chicago,0,3,80253,Elizabeth Jones,0,2,2,1
3392,13f6fc6f-9c50-4e94-a6aa-f6956d9880c7,3420,291870214984040,2,2027,9d89b145-c52e-40bc-8049-2f94f1a43e91,elizabeth7972@example.com,Chicago,0,3,80253,Elizabeth Jones,0,2,2,1
3415,d614bd65-0443-4b6b-9cbc-416d5268933a,1604,2694809395005751,8,2026,7ee020f2-5578-47b6-86e8-a4b605c68da6,jennifer3383@example.com,Phoenix,0,4,71810,Jennifer Williams,0,1,1,1
3419,409745ff-8146-484d-bc0c-3e95cc31061a,9440,2390262041489922,12,2028,bcc28a2a-38ed-4d2a-b8a6-7cb91fbee0a4,william1739@example.com,Houston,0,2,26955,William Miller,0,1,1,1
3426,3729071d-f0cc-4d69-8511-032bbec69d3f,8836,9360859352084743,7,2029,1f71ece3-d69b-4f8b-bd6c-c93314ff8050,james9336@example.com,Los Angeles,0,1,51324,James Davis,0,1,1,1
3427,1fc96287-d95c-405d-b04d-1a70c9bd4675,9826,9877273251000832,8,2030,6cafa22d-83fa-421f-b5c4-5903c863e861,michael4239@example.com,New York,0,0,95160,Michael Brown,0,1,1,1
3433,7f605f90-c0dd-44a4-8880-4be52aa17af4,8239,19886745692097,3,2029,bf7a8032-8028-450f-b6e4-3c5f9db0b840,linda2482@example.com,Phoenix,0,2,91819,Patricia Martinez,0,1,1,1
3451,7c56819f-f782-4dfb-9cd8-ef207bc5fdf2,4721,8500197835607520,1,2030,65a47385-73e3-4fa0-ac4e-ca5b8c6f5f85,elizabeth7974@example.com,Phoenix,0,0,92456,Elizabeth Williams,0,1,1,1
3462,63dfcad4-a6c9-4a64-8f4d-23c004cd6b25,7137,251997312685952,8,2030,5b677397-38e5-4018-9f34-b766dcd4b3e1,john3499@example.com,Houston,0,0,55000,John Brown,0,1,1,1
3464,5ef3aef0-e89c-4abc-8717-6d6a4d62a7d6,3412,1025161220821178,1,2029,1f85d45c-4c48-48ac-bba5-13061f5e04e8,robert6917@example.com,Chicago,0,3,63395,Robert Jones,0,1,1,1
3480,66d81d2f-cc74-4f9e-be8b-86869856df15,7785,601688000750643,1,2029,07c6854b-b1d0-4747-92e6-9e0ec96bbaf3,patricia4505@example.com,New York,0,3,48325,Patricia Davis,0,1,1,1
3483,6749bd3d-06ad-4ddf-80e9-b59a36610d60,3669,4036141317105607,4,2030,5de273b0-d844-49db-b176-f56a16974db3,elizabeth5437@example.com,New York,0,3,62526,Elizabeth Miller,0,2,2,1
3483,6749bd3d-06ad-4ddf-80e9-b59a36610d60,8892,4036141317105607,4,2030,5de273b0-d844-49db-b176-f56a16974db3,elizabeth5437@example.com,New York,0,3,62526,Elizabeth Miller,0,2,2,1
3489,a4f66000-28d4-4e6f-8b8f-6392eb601812,5867,1948967371372297,2,2026,4dd661a8-0834-4c27-b1c8-8622dbe7e753,michael7995@example.com,Houston,0,4,67038,Michael Rodriguez,0,2,2,1
3489,a4f66000-28d4-4e6f-8b8f-6392eb601812,1000,1948967371372297,2,2026,4dd661a8-0834-4c27-b1c8-8622dbe7e753,michael7995@example.com,Houston,0,4,67038,Michael Rodriguez,0,2,2,1
3497,4904017f-a8f6-41a3-ad52-0291ad1f0c82,2986,3715193299024220,12,2029,0db57ff4-46d7-4dc2-abab-8ddd421f4991,linda7255@example.com,Chicago,0,2,90380,Linda Johnson,0,2,2,1
3497,4904017f-a8f6-41a3-ad52-0291ad1f0c82,1965,3715193299024220,12,2029,0db57ff4-46d7-4dc2-abab-8ddd421f4991,linda7255@example.com,Chicago,0,2,90380,Linda Johnson,0,2,2,1
3501,a3864f8a-dd2d-45ea-b695-4d12239998f0,6431,4417283101913768,1,2027,60aa8e10-1c1f-437a-8fec-435ebbe01370,elizabeth3951@example.com,Houston,0,1,63366,Elizabeth Williams,0,1,1,1
3506,334070d0-5dbe-4215-a3d3-46daba5e638b,6473,7857134303680051,2,2029,509f7035-f05e-42ec-85a4-5febcd9bbe6c,william3884@example.com,Los Angeles,0,4,89657,William Smith,0,2,2,1
3506,334070d0-5dbe-4215-a3d3-46daba5e638b,8786,7857134303680051,2,2029,509f7035-f05e-42ec-85a4-5febcd9bbe6c,william3884@example.com,Los Angeles,0,4,89657,William Smith,0,2,2,1
3509,8585962a-2266-456e-9ed3-da7e5fa50a3e,6026,9522210284919643,1,2026,dffebf93-e1c9-425c-b944-1488b74904a1,jennifer9783@example.com,Chicago,0,2,36757,Patricia Miller,0,1,1,1
3517,345526a6-5158-424c-abd2-9460df088674,5463,453211883170868,6,2024,a31719fc-ebbb-4e0b-98d7-e3943c3f3ad3,linda7283@example.com,Chicago,0,2,36804,Linda Jones,0,1,1,1
3523,fc26d570-ea5e-43c6-8dde-f95f887a646c,3759,4052214228887103,1,2029,f6bbf9e5-e35d-4a85-b6d4-ec2f0a133be7,jennifer6851@example.com,Phoenix,0,2,20479,Jennifer Jones,0,1,1,1
3538,3d23b91d-191c-4f8e-8b34-5a02a7effa56,9946,7512646094261828,8,2028,113de4ce-9536-4e2a-bf3b-b10e0e4c0140,james8348@example.com,New York,0,2,52930,James Jones,0,1,1,1
3539,ead477de-589d-4b88-8401-9ede1438d01f,6608,2762948491478653,7,2028,cd3b36ec-c398-468e-95e1-267d48814089,patricia9994@example.com,Houston,0,0,79210,Patricia Garcia,0,2,2,1
3539,ead477de-589d-4b88-8401-9ede1438d01f,5338,2762948491478653,7,2028,cd3b36ec-c398-468e-95e1-267d48814089,patricia9994@example.com,Houston,0,0,79210,Patricia Garcia,0,2,2,1
3540,e117f419-4ee2-405d-b7b7-df0101bcf8e6,8296,1158089698688966,2,2024,9a9c1846-dcbc-482d-8058-e0466ae05b2f,michael4810@example.com,Houston,0,4,13397,Michael Davis,0,1,1,1
3552,777fd3bc-84c0-4c90-b529-1bb9338789d8,5415,7581311580555794,12,2029,2402ebb2-371f-46a9-ad02-da65a551c042,patricia1637@example.com,Houston,0,2,93340,Patricia Brown,0,1,1,1
3555,8f992895-d870-45e0-b0e7-98cb861d49da,8709,4451891510845533,12,2026,0ea1bf1f-a4dd-4e48-a39c-781684e87dea,jennifer5817@example.com,Chicago,0,2,80821,Mary Martinez,0,1,1,1
3564,22e1a16a-af7e-4390-bd0f-01fa819aed2d,3387,8840426083928821,10,2028,232bbde0-02b6-41c6-bcdd-c80a236e8e9a,william5184@example.com,Los Angeles,0,2,59553,William Davis,0,1,1,1
3580,f9d0d561-d5be-4a08-8406-7e2cd16b4ea4,2095,8515844653537012,10,2030,7bcddc71-f29e-45e6-8e9f-9f072ae82397,william8314@example.com,Los Angeles,0,1,83415,William Williams,0,1,1,1
3604,ffc19838-29b2-41db-afb4-6ac0c207dd28,3714,1679615126200893,12,2023,59c39234-5935-48b7-90fe-14913a5e5096,jennifer3847@example.com,Chicago,0,2,18490,Jennifer Miller,0,2,2,1
3604,ffc19838-29b2-41db-afb4-6ac0c207dd28,4222,1679615126200893,12,2023,59c39234-5935-48b7-90fe-14913a5e5096,jennifer3847@example.com,Chicago,0,2,18490,Jennifer Miller,0,2,2,1
3616,45f8cc8f-fb20-4e50-b65f-9b6bc8e8db22,2984,79847373373091,12,2026,8fa72000-2887-4bc3-b051-ea40c39af8c2,james3383@example.com,Phoenix,0,3,58791,James Johnson,0,1,1,1
3623,c6d08cdd-d2ec-48ce-afc0-23b2c23d686c,9056,6201553377351439,3,2024,d8e56436-5bef-4c12-8049-bb6d50dfe69c,james1114@example.com,Phoenix,0,3,78192,James Rodriguez,0,1,1,1
3627,7001fdc5-903f-4fe5-86ae-2fffd36e6eef,6362,5094921591368465,10,2027,c3b434b8-a5f2-42e6-a611-53dac3c5ce36,john4847@example.com,New York,0,0,99352,John Jones,0,2,2,1
3627,7001fdc5-903f-4fe5-86ae-2fffd36e6eef,3836,5094921591368465,10,2027,c3b434b8-a5f2-42e6-a611-53dac3c5ce36,john4847@example.com,New York,0,0,99352,John Jones,0,2,2,1
3628,b5e0fe71-5b44-481b-89c5-de47256bbd56,7628,6656106854593782,12,2025,0be62cff-0e61-4fc8-9c1a-e51ec53173e5,james4234@example.com,New York,0,1,65183,James Davis,0,2,2,1
3628,b5e0fe71-5b44-481b-89c5-de47256bbd56,4891,6656106854593782,12,2025,0be62cff-0e61-4fc8-9c1a-e51ec53173e5,james4234@example.com,New York,0,1,65183,James Davis,0,2,2,1
3636,fef000a2-6bde-42a0-8e26-2776a68d2c98,8799,9346445135996422,5,2029,8c15e6c8-6632-46e3-a381-8fe8846e3999,michael9642@example.com,New York,0,1,48731,Michael Smith,0,1,1,1
3640,4409ea60-8a9c-44e5-851a-b1166f062e96,4024,787677225251352,4,2024,263c650e-c508-447a-91b1-17739cea399d,linda7331@example.com,Houston,0,3,60537,Linda Brown,0,1,1,1
3653,4460de13-1d0a-4114-8897-ec28433fd547,1505,5147713383078112,2,2026,01d15be5-4acd-46b3-8aef-e26e6c01bde5,elizabeth3900@example.com,Los Angeles,0,1,75143,Elizabeth Miller,0,2,2,1
3653,4460de13-1d0a-4114-8897-ec28433fd547,6867,5147713383078112,2,2026,01d15be5-4acd-46b3-8aef-e26e6c01bde5,elizabeth3900@example.com,Los Angeles,0,1,75143,Elizabeth Miller,0,2,2,1
3657,11821cb0-a52f-4e13-939d-b76854c21d3a,1516,352187200536532,5,2028,4abb2ffd-d60f-4708-b1f2-d2f4deb62a19,william5701@example.com,New York,0,3,74728,William Smith,0,1,1,1
3658,0f637e1e-7ec1-4321-9363-4e9c7a12673a,2256,6022604371887071,8,2028,3de90abd-f6b3-4812-be43-8158b7831e14,patricia1033@example.com,Phoenix,0,2,95939,Patricia Brown,0,1,1,1
3660,c7096524-f578-4a9b-a890-47f11d4edc60,3010,5312479747729618,1,2023,f4f8084f-34bd-41f7-9035-7349e3c27523,james8274@example.com,Los Angeles,0,3,15686,James Johnson,0,1,1,1
3667,55277ccf-5bee-43ae-81cd-e15a081a000b,2524,9297555539294100,11,2025,7314b3c8-ee4f-4e1c-a562-1087b7519101,james1688@example.com,Los Angeles,0,4,79359,James Davis,0,2,2,1
3667,55277ccf-5bee-43ae-81cd-e15a081a000b,6235,9297555539294100,11,2025,7314b3c8-ee4f-4e1c-a562-1087b7519101,james1688@example.com,Los Angeles,0,4,79359,James Davis,0,2,2,1
3669,b8176dc7-c969-4193-bc27-26950c7e80b4,5317,2353525037857382,4,2030,d6bb9207-59ed-4c7b-8fe6-6f67ff928149,william3696@example.com,Los Angeles,0,4,91030,William Brown,0,2,2,1
3669,b8176dc7-c969-4193-bc27-26950c7e80b4,5179,2353525037857382,4,2030,d6bb9207-59ed-4c7b-8fe6-6f67ff928149,william3696@example.com,Los Angeles,0,4,91030,William Brown,0,2,2,1
3681,04e98f54-2273-4ac0-9655-c89cf1d81964,9294,637639270317577,12,2026,fe2c7b21-f0e1-491e-aaad-4d9f31f313c1,michael4978@example.com,Chicago,0,2,24855,Michael Jones,0,1,1,1
3690,9313216c-06bd-4b8a-a007-196a2697ed8b,9672,4478038218944313,2,2023,a46ee294-d110-4aac-907a-5fcd40dcccb0,james8139@example.com,New York,0,1,45472,James Williams,0,2,2,1
3690,9313216c-06bd-4b8a-a007-196a2697ed8b,7248,4478038218944313,2,2023,a46ee294-d110-4aac-907a-5fcd40dcccb0,james8139@example.com,New York,0,1,45472,James Williams,0,2,2,1
3692,011df7f0-03a5-4140-b2c7-77acb21d319a,5934,6535695132685965,1,2030,910bc4a6-8739-43c4-8885-16ceb6ebb50f,linda1550@example.com,Phoenix,0,3,27227,Linda Miller,0,1,1,1
3693,fabb93eb-5d64-47c3-acbf-857853e0b4b4,3394,5454454902757041,3,2026,e8a9e0f8-51fa-48ab-ad98-1e16c30b0b84,john2876@example.com,Houston,0,2,97560,John Rodriguez,0,1,1,1
3701,40c68b13-188d-4318-a535-856564de9145,3530,4159587971286601,11,2030,f8e7ce56-5672-4b1e-b600-e47efbf53392,patricia9866@example.com,New York,0,3,31845,Patricia Garcia,0,1,1,1
3704,ddb61c40-84b9-4b69-9075-f95f37046a6f,1131,1325373782082802,4,2024,ec414676-b8a0-471e-b906-24232bebc58d,mary8871@example.com,Los Angeles,0,4,11265,Mary Garcia,0,1,1,1
3711,2076a775-ab3b-4317-8e8e-42cd8e0c4b0e,2267,429924101279735,9,2023,b7d89259-55cc-4ab9-881e-120b233fec1a,patricia6090@example.com,Chicago,0,4,83942,Mary Smith,0,1,1,1
3720,43611323-0a08-474c-9978-659532d4cf45,1338,7272818857647242,2,2023,392dbdeb-8a32-4549-b470-8a4ca58ae2a5,mary2333@example.com,Phoenix,0,3,28855,Mary Garcia,0,1,1,1
3731,cfe0d4b4-9fdd-4d7d-bf68-c3e43b9097c0,9336,9532291563570361,1,2024,63c2f7ea-6d57-4268-81ce-8cfe749d5012,john9693@example.com,Phoenix,0,1,90972,John Brown,0,1,1,1
3737,a4e6e462-0866-4433-a0d2-2afa90edbc19,6571,219560594059823,8,2027,6c7c376f-f691-472a-a379-6f35716d534c,william7012@example.com,Los Angeles,0,0,63939,William Smith,0,2,2,1
3737,a4e6e462-0866-4433-a0d2-2afa90edbc19,3951,219560594059823,8,2027,6c7c376f-f691-472a-a379-6f35716d534c,william7012@example.com,Los Angeles,0,0,63939,William Smith,0,2,2,1
3759,11ceed37-2668-4a81-a346-32dee091d970,2128,1519740047096995,2,2025,2ec89a4b-75b7-4691-90e1-a081f9e22e74,patricia4551@example.com,Los Angeles,0,0,43384,Patricia Rodriguez,0,1,1,1
3760,277a3aca-557d-4607-a870-d0bb87ede9f4,9143,5032384309789957,8,2028,e3958a4d-bf7b-42d3-b1f4-9940dbfa492b,jennifer7411@example.com,Los Angeles,0,2,55085,Jennifer Williams,0,1,1,1
3761,ce3a0ae0-2734-4038-bce8-362febbcadbc,2549,2579892053508669,12,2030,b9148b84-783d-4e4a-8d0b-23cbf8137240,mary7854@example.com,Chicago,0,1,14936,Mary Davis,0,1,1,1
3768,59b37ab2-e250-4956-a88c-e6683f982665,2671,495805327707657,8,2023,8490d6b3-6e73-4655-ac34-829e916fc3da,robert9997@example.com,Phoenix,0,1,29538,Robert Rodriguez,0,1,1,1
3777,b7f075ae-d8b3-42f5-a2a6-89ff102fc12c,6873,823701165472602,6,2029,4ece829f-8d58-4ec7-8cd7-6639c850803e,linda6953@example.com,Los Angeles,0,1,84949,Linda Miller,0,1,1,1
3780,e76780e2-c2a3-49b7-af95-1fba71e8f3ef,5492,7951142217755183,12,2026,a12301cb-cd23-466c-bb89-7ad7bb4bb01b,patricia3720@example.com,New York,0,4,33061,Patricia Johnson,0,1,1,1
3789,b7a8f82a-59c9-413b-bbc3-576d59173fce,7375,3099977430423990,8,2026,0c886bf6-cf8e-444a-aa26-4c547fbeb052,linda8419@example.com,Houston,0,4,95415,Linda Miller,0,1,1,1
3791,65c6af6c-b45d-4631-8934-89a49f2eefbe,6247,7658862356946699,1,2024,301bc7bf-c686-4051-bc93-376657f23baf,william1525@example.com,Houston,0,3,39883,William Williams,0,1,1,1
3798,ec85650b-5336-40f1-98c1-4893ce58e953,7843,8619433862481350,12,2024,4ed5e80a-7b87-4e34-9c42-31cb0a5a8745,elizabeth2558@example.com,Los Angeles,0,3,28968,Elizabeth Smith,0,2,2,1
3798,ec85650b-5336-40f1-98c1-4893ce58e953,9632,8619433862481350,12,2024,4ed5e80a-7b87-4e34-9c42-31cb0a5a8745,elizabeth2558@example.com,Los Angeles,0,3,28968,Elizabeth Smith,0,2,2,1
3804,5ff6cc1e-10c2-47ad-9dea-13dd94eca0e1,5839,4485242009897429,12,2027,f10143ab-bc5f-47e7-8a0d-fc9039478137,james6193@example.com,New York,0,2,75785,James Williams,0,1,1,1
3812,003a0e85-1577-4e70-a041-abf7f41c3f48,7912,2016409880340768,12,2029,391a722b-e5ba-459f-aacb-2234aa2f5429,james7020@example.com,Houston,0,2,23887,James Smith,0,1,1,1
3823,331fa262-50fb-4a78-a486-50f852901057,7734,3699391146000524,3,2029,0be95912-9334-4355-a281-beec0fbab05d,james8444@example.com,Phoenix,0,2,39462,James Miller,0,1,1,1
3824,f280b4c8-b5dd-4862-8eb9-593355ead5b2,1298,9083869601422129,12,2026,a38efb05-aec1-4c9f-abb7-5c0e45f2dc1a,elizabeth9791@example.com,Phoenix,0,4,14178,Elizabeth Martinez,0,1,1,1
3825,de94b345-fc4f-48cc-a34e-8779b22e4076,3180,9993186196756301,12,2030,894f158f-644c-473d-9ef6-693d563c6990,robert9682@example.com,Los Angeles,0,3,44746,Robert Miller,0,1,1,1